{"cameraMode":{"drawMode":0,"name":"Shaded","section":"Shading Mode"},"sceneLighting":true,"audioPlay":false,"sceneViewState":{"m_AlwaysRefresh":false,"showFog":true,"showSkybox":true,"showFlares":true,"showImageEffects":true,"showParticleSystems":true,"showVisualEffectGraphs":true,"m_FxEnabled":true},"in2DMode":false,"pivot":{"x":0.5896811485290527,"y":8.138738632202149,"z":-20.252044677734376},"rotation":{"x":0.1523911952972412,"y":-0.13739202916622163,"z":0.021397726610302926,"w":0.9784911274909973},"size":7.05880069732666,"orthographic":true}